Date,Name,Year,Letterboxd URI,Rating,Rewatch,Tags,Watched Date
2025-11-23,Eenie Meanie,2025,https://boxd.it/bO5IWB,2.5,,,2025-11-22
2025-11-23,Saw III,2006,https://boxd.it/bO5NLX,3,,,2025-11-22
2025-11-27,Tenet,2020,https://boxd.it/bR4NQX,4,,,2025-11-27
2025-11-28,Upgrade,2018,https://boxd.it/bRjGfZ,3.5,,,2025-11-27
2025-11-28,Predestination,2014,https://boxd.it/bRp3Bz,3.5,,,2025-11-27
2025-11-28,Dredd,2012,https://boxd.it/bRzlVH,4,,,2025-11-27
2025-11-29,The Northman,2022,https://boxd.it/bRTFFf,4,Yes,,2025-11-28
2025-11-29,Attack the Block,2011,https://boxd.it/bRXQgt,4,,,2025-11-28
2025-11-29,Snowpiercer,2013,https://boxd.it/bS5ay7,4.5,,,2025-11-28
2025-11-29,The Guest,2014,https://boxd.it/bSb0z7,4.5,,,2025-11-28
2025-11-29,Crank,2006,https://boxd.it/bSgXDn,3.5,,,2025-11-29
2025-12-31,District 9,2009,https://boxd.it/cl2ItP,4,,,2025-12-30
2026-01-01,Oblivion,2013,https://boxd.it/clPbUL,3,,,2025-12-31
2026-01-02,Wake Up Dead Man,2025,https://boxd.it/cmTUoR,4,,,2026-01-01
2026-01-20,Pixels,2015,https://boxd.it/cJwmRr,5,,,2026-01-19
2026-04-11,The Secret Life of Walter Mitty,2013,https://boxd.it/dVeMBz,3,,,2026-04-10
2026-04-11,Elysium,2013,https://boxd.it/dVpy0r,3.5,,,2026-04-10
2026-04-11,The Invisible Guest,2016,https://boxd.it/dVtHbV,4.5,,,2026-04-10
2026-04-12,The Beta Test,2021,https://boxd.it/dW5CWj,4,,,2026-04-11
2026-04-12,Looper,2012,https://boxd.it/dWogsT,3,,,2026-04-11
2026-04-13,Notes on a Scandal,2006,https://boxd.it/dWSfGZ,3,,,2026-04-12
2026-04-13,Talk to Me,2022,https://boxd.it/dWY0M1,4,,,2026-04-12
2026-04-27,Project Hail Mary,2026,https://boxd.it/e8jGGl,5,,,2026-04-26
2026-04-29,Marty Supreme,2025,https://boxd.it/e9RKlj,4.5,,,2026-04-28
2026-04-29,War Machine,2026,https://boxd.it/e9ROoB,4,,,2026-04-28
2026-04-29,Titane,2021,https://boxd.it/e9Wiwt,3,,,2026-04-28
2026-05-02,The Thing,1982,https://boxd.it/ebO0rx,4.5,,,2026-05-01
