Date,Name,Year,Letterboxd URI,Rating
2025-11-17,The SpongeBob SquarePants Movie,2004,https://boxd.it/1SYq,4
2025-11-17,Oppenheimer,2023,https://boxd.it/wUow,5
2025-11-17,GoodFellas,1990,https://boxd.it/29FA,4
2025-11-17,The Godfather,1972,https://boxd.it/2aNK,3.5
2025-11-17,The Godfather Part II,1974,https://boxd.it/2aNq,3.5
2025-11-17,The Godfather Part III,1990,https://boxd.it/2aN6,3.5
2025-11-17,Iron Man 3,2013,https://boxd.it/2cBQ,5
2025-11-17,Chainsaw Man – The Movie: Reze Arc,2025,https://boxd.it/Kgyu,4
2025-11-17,The Gentlemen,2019,https://boxd.it/iYBQ,3.5
2025-11-17,Black Widow,2021,https://boxd.it/hWV8,4
2025-11-23,Eenie Meanie,2025,https://boxd.it/HxdC,2.5
2025-11-23,Saw III,2006,https://boxd.it/2aRC,3
2025-11-23,Saw II,2005,https://boxd.it/2aRs,3.5
2025-11-23,Saw,2004,https://boxd.it/2aWW,3.5
2025-11-24,Saw X,2023,https://boxd.it/zUWk,3.5
2025-11-27,Tenet,2020,https://boxd.it/leq4,4
2025-11-28,Upgrade,2018,https://boxd.it/i4gW,3.5
2025-11-28,Predestination,2014,https://boxd.it/6bJM,3.5
2025-11-28,Dredd,2012,https://boxd.it/GZE,4
2025-11-29,The Northman,2022,https://boxd.it/nK2s,4
2025-11-29,Attack the Block,2011,https://boxd.it/hFO,4
2025-11-29,Snowpiercer,2013,https://boxd.it/3Icg,4.5
2025-11-29,The Guest,2014,https://boxd.it/76RS,4.5
2025-11-29,Crank,2006,https://boxd.it/27MY,3.5
2025-11-30,Sunshine,2007,https://boxd.it/28Xy,4.5
2025-11-30,The Martian,2015,https://boxd.it/8SeG,5
2025-11-30,Ex Machina,2015,https://boxd.it/7T2k,3
2025-12-01,Pacific Rim,2013,https://boxd.it/2cB2,3.5
2025-12-03,Arrival,2016,https://boxd.it/aNGk,5
2025-12-03,The Big Short,2015,https://boxd.it/ajZw,3.5
2025-12-06,Five Nights at Freddy's 2,2025,https://boxd.it/KEvY,2.5
2025-12-06,Five Nights at Freddy's,2023,https://boxd.it/ikHu,3
2025-12-06,Deadpool & Wolverine,2024,https://boxd.it/jq8s,4
2025-12-06,Shang-Chi and the Legend of the Ten Rings,2021,https://boxd.it/kLDI,4
2025-12-06,Hamilton,2020,https://boxd.it/kmvE,4
2025-12-06,Gran Turismo,2023,https://boxd.it/B2lS,5
2025-12-14,Boss Level,2021,https://boxd.it/iAkw,4
2025-12-15,Nobody,2021,https://boxd.it/mLqS,5
2025-12-15,Nobody 2,2025,https://boxd.it/C5Lc,4
2025-12-15,Project Power,2020,https://boxd.it/ml8S,4
2025-12-31,Hardcore Henry,2015,https://boxd.it/aAIM,4.5
2025-12-31,Edge of Tomorrow,2014,https://boxd.it/4pD0,3.5
2025-12-31,District 9,2009,https://boxd.it/1Iik,4
2026-01-01,Oblivion,2013,https://boxd.it/2Bzq,3
2026-01-01,Source Code,2011,https://boxd.it/fdo,3
2026-01-01,Pixels,2015,https://boxd.it/7BaA,5
2026-01-02,Wake Up Dead Man,2025,https://boxd.it/uAKS,4
2026-01-19,The Rip,2026,https://boxd.it/NP5y,4
2026-01-19,Chappie,2015,https://boxd.it/5Y3e,4
2026-01-19,Drive,2011,https://boxd.it/IG,4
2026-04-11,The Secret Life of Walter Mitty,2013,https://boxd.it/3SWy,3
2026-04-11,Elysium,2013,https://boxd.it/2cBm,3.5
2026-04-11,The Invisible Guest,2016,https://boxd.it/euce,4.5
2026-04-12,The Beta Test,2021,https://boxd.it/sa0g,4
2026-04-12,Blue Ruin,2013,https://boxd.it/5H8G,1
2026-04-12,Looper,2012,https://boxd.it/ham,3
2026-04-12,Notes on a Scandal,2006,https://boxd.it/28Zu,3
2026-04-13,Talk to Me,2022,https://boxd.it/C6uQ,4
2026-04-13,I Saw the Devil,2010,https://boxd.it/FaK,4
2026-04-13,Sicario,2015,https://boxd.it/8i7u,4
2026-04-27,Project Hail Mary,2026,https://boxd.it/pEeQ,5
2026-04-29,Marty Supreme,2025,https://boxd.it/Off0,4.5
2026-04-29,War Machine,2026,https://boxd.it/MePC,4
2026-04-29,Titane,2021,https://boxd.it/nlQC,3
2026-04-30,The Creator,2023,https://boxd.it/oXWq,4
2026-05-02,The Thing,1982,https://boxd.it/294O,4.5
2026-05-02,Event Horizon,1997,https://boxd.it/20d8,3
2026-05-02,Grave Encounters,2011,https://boxd.it/D1G,2
2026-05-03,Independence Day,1996,https://boxd.it/2a1w,3.5
